<?xml version="1.0" encoding="UTF-8"?>
<!DOCTYPE mapper PUBLIC "-//mybatis.org//DTD Mapper 3.0//EN" "http://mybatis.org/dtd/mybatis-3-mapper.dtd">
<mapper namespace="com.example.newdemo.dao.ProjectEntityMapper">
    <resultMap id="BaseResultMap" type="com.example.newdemo.dao.entity.ProjectEntity">
        <!--
          WARNING - @mbg.generated
          This element is automatically generated by MyBatis Generator, do not modify.
        -->
        <id column="id" jdbcType="VARCHAR" property="id" />
        <result column="userid" jdbcType="VARCHAR" property="userid" />
        <result column="project_name" jdbcType="VARCHAR" property="projectName" />
        <result column="project_content" jdbcType="VARCHAR" property="projectContent" />
        <result column="created_by" jdbcType="CHAR" property="createdBy" />
        <result column="creation_date" jdbcType="TIMESTAMP" property="creationDate" />
        <result column="last_update_by" jdbcType="CHAR" property="lastUpdateBy" />
        <result column="last_update_date" jdbcType="TIMESTAMP" property="lastUpdateDate" />
    </resultMap>
    <select id="queryProjectList" parameterType="java.lang.String" resultType="com.example.newdemo.dao.entity.ProjectEntity">
        SELECT
        id,userid,project_name as "projectName",creation_date as "creationDate",project_content as "projectContent", created_by as "createdBy"
        FROM project_info
        <if test="userid != null">
            WHERE userid = #{userid,jdbcType=VARCHAR}
        </if>
        <if test="id != null">
            WHERE id = #{id,jdbcType=VARCHAR}
        </if>
        <if test="projectName != null">
            and project_name like CONCAT('%',#{projectName,jdbcType=VARCHAR},'%')
        </if>
    </select>
    <insert id="insert" parameterType="com.example.newdemo.dao.entity.ProjectEntity">
        <!--
          WARNING - @mbg.generated
          This element is automatically generated by MyBatis Generator, do not modify.
        -->
        insert into project_info (id, userid, project_name,
        project_content,
        created_by, creation_date,
        last_update_by, last_update_date)
        values (#{id,jdbcType=VARCHAR}, #{userid,jdbcType=VARCHAR}, #{projectName,jdbcType=VARCHAR},
        #{projectContent,jdbcType=VARCHAR},
        #{createdBy,jdbcType=CHAR}, #{creationDate,jdbcType=TIMESTAMP},
        #{lastUpdateBy,jdbcType=CHAR}, #{lastUpdateDate,jdbcType=TIMESTAMP})
    </insert>
    <delete id="deleteProjectById" parameterType="com.example.newdemo.dao.entity.UserEntity">
        <!--
          WARNING - @mbg.generated
          This element is automatically generated by MyBatis Generator, do not modify.
        -->
        delete from project_info
        where id = #{id,jdbcType=VARCHAR}
    </delete>
    <update id="updateByPrimaryKeySelective" parameterType="com.example.newdemo.dao.entity.ProjectEntity">
        <!--
          WARNING - @mbg.generated
          This element is automatically generated by MyBatis Generator, do not modify.
        -->
        update project_info
        <set>
            <if test="userid != null">
                userid = #{userid,jdbcType=VARCHAR},
            </if>
            <if test="projectName != null">
                project_name = #{projectName,jdbcType=VARCHAR},
            </if>
            <if test="projectContent != null">
                project_content = #{projectContent,jdbcType=VARCHAR},
            </if>
            <if test="createdBy != null">
                created_by = #{createdBy,jdbcType=CHAR},
            </if>
            <if test="creationDate != null">
                creation_date = #{creationDate,jdbcType=TIMESTAMP},
            </if>
            <if test="lastUpdateBy != null">
                last_update_by = #{lastUpdateBy,jdbcType=CHAR},
            </if>
            <if test="lastUpdateDate != null">
                last_update_date = #{lastUpdateDate,jdbcType=TIMESTAMP},
            </if>
        </set>
        where id = #{id,jdbcType=VARCHAR}
    </update>
</mapper>